{"cameraMode":{"drawMode":0,"name":"Shaded","section":"Shading Mode"},"sceneLighting":true,"audioPlay":false,"sceneViewState":{"m_AlwaysRefresh":false,"showFog":true,"showSkybox":true,"showFlares":true,"showImageEffects":true,"showParticleSystems":true,"showVisualEffectGraphs":true,"m_FxEnabled":true},"in2DMode":false,"pivot":{"x":7.536688804626465,"y":1.7718687057495118,"z":7.260794639587402},"rotation":{"x":-0.36456310749053957,"y":-0.16896426677703858,"z":0.06744163483381272,"w":-0.9132552146911621},"size":2.8150813579559328,"orthographic":false}